,/api/google-search,/api/are-you-watching,/api/twitter,/api/amazon-product-advertising,/api/youtube,/api/artbeat,/api/zazzle,/api/lastfm,/api/flickr,/api/blogger,/api/7digital,/api/bing-traffic,/api/aviary-suite,/api/kuler,/api/facebook,/api/artistdata,/api/livejournal,/api/addthis-menu,/api/google-maps,/api/411sync
Mashup: Insider Arts,0,0,0,1,0,0,0,0,1,0,0,0,0,0,0,0,0,0,0,0
Mashup: Zoob Tube,0,0,0,0,1,0,0,0,1,0,0,0,0,0,0,0,0,0,0,0
Mashup: MySpace Top Bands Mobile,0,0,0,0,0,0,0,0,0,0,0,0,0,0,0,0,0,0,0,1
Mashup: Flash Gallery,0,0,0,0,0,0,0,0,1,0,0,0,0,0,0,0,0,0,0,0
Mashup: Tokyo Bubble Machine,0,0,0,0,0,1,0,0,0,0,0,0,0,0,0,0,0,0,0,0
Mashup: My Friends Mosaic,0,0,1,0,0,0,1,0,0,0,0,0,0,0,0,0,1,0,0,0
Mashup: SXSW Artist Catalog,0,0,0,0,1,0,0,1,1,0,0,0,0,0,0,0,0,0,1,0
Mashup: GeiKnows,0,0,0,0,1,0,0,0,0,0,0,0,0,0,0,0,0,0,1,0
Mashup: Kunst Kaart,0,0,0,0,0,0,0,0,0,0,0,0,0,0,0,0,0,0,1,0
Mashup: Comic Pool,1,0,0,0,0,0,0,0,0,0,0,0,1,0,1,0,0,1,0,0
Mashup: Artistic Dallas,0,0,0,0,0,0,0,0,0,0,0,0,0,0,0,0,0,0,1,0
Mashup: The Ad Generator,0,0,0,0,0,0,0,0,1,0,0,0,0,0,0,0,0,0,0,0
Mashup: StainedGlass Collage,0,0,0,0,0,0,0,0,1,0,0,0,0,0,0,0,0,0,0,0
Mashup: big doodles by Felicity Stella,0,0,0,0,0,0,0,0,0,0,0,0,0,0,0,0,0,0,1,0
Mashup: Dekaf,0,0,0,0,0,0,0,0,0,0,0,0,0,1,0,0,0,0,0,0
Mashup: Zoomap,0,0,0,0,0,0,0,0,0,0,0,0,0,0,0,0,0,0,1,0
Mashup: MURALI BASA BLOG,0,1,0,0,0,0,0,0,0,1,1,1,0,0,0,1,0,0,0,0
Mashup: Street Art Map,0,0,0,0,0,0,0,0,1,0,0,0,0,0,0,0,0,0,1,0
