,/api/map24-ajax,/api/google-base,/api/shopzilla,/api/google-maps,/api/nestoria,/api/geograph,/api/microsoft-bing-maps,/api/ebay,/api/ordnance-survey-maps,/api/mapstraction,/api/hotukdeals
Mashup: Free Postcode Maps,0,0,0,1,0,0,0,0,0,0,0
Mashup: Raced and Rallied UK Motorsports,0,0,0,1,0,0,0,0,0,0,0
Mashup: Great Britain Postcode Maps,0,0,0,1,0,0,0,0,0,0,0
Mashup: Compare Sat Nav,0,0,0,0,0,0,0,1,0,0,0
Mashup: DealMapper,0,0,0,0,0,0,0,0,0,0,1
Mashup: Live UK Travel News Map,0,0,0,1,0,0,0,0,0,0,0
Mashup: UK Job Search,0,0,0,0,0,0,1,0,0,0,0
Mashup: 250 Wedding Tent Venues,0,0,0,1,0,0,0,0,0,0,0
Mashup: Zoopla Property Service,0,0,0,1,0,0,0,0,0,0,0
Mashup: TrafficJammr UK,1,0,0,0,0,0,0,0,0,0,0
Mashup: Canalplan AC,0,0,0,1,0,0,0,0,0,0,0
Mashup: UK Postcodes,0,0,0,1,0,0,0,0,0,0,0
Mashup: CheapBoots.net,0,0,1,0,0,0,0,0,0,0,0
Mashup: Mighty Homes,0,1,0,1,0,0,0,0,0,0,0
Mashup: The Big Property List,0,1,0,1,0,0,0,0,0,0,0
Mashup: Nestoria UK,0,0,0,1,1,0,0,0,0,1,0
Mashup: Mendip Caves,0,0,0,1,0,0,0,0,0,0,0
Mashup: UK Tesco Store Locator,0,0,0,0,0,0,1,0,0,0,0
Mashup: LiveMap Roadworks,0,0,0,1,0,0,0,0,0,0,0
Mashup: Shady Old Lady Guide to London,0,0,0,1,0,0,0,1,0,0,0
Mashup: Leeds Travel,0,0,0,1,0,0,0,0,0,0,0
Mashup: Geograph Photos,0,0,0,0,0,1,0,0,1,0,0
Mashup: Where Is The Path,0,0,0,1,0,0,0,0,1,0,0
Mashup: LiveMap Lincoln Essentials,0,0,0,1,0,0,0,0,0,0,0
Mashup: UK Telephone Answering Directory,0,0,0,1,0,0,0,0,0,0,0
