,/api/imgur,/api/google-search,/api/twitter,/api/youtube,/api/instagram-graph,/api/flickr,/api/facebook-social-plugins,/api/tumblr,/api/google-app-engine,/api/aviary-web,/api/aol-pictures,/api/webthumb,/api/nationbuilder,/api/facebook,/api/facebook-graph,/api/images,/api/fotolia,/api/gengo-human-translation,/api/yahoo-query-language-graphql,/api/google-adwords
Mashup: tweetshots,0,0,1,0,0,0,0,1,0,0,0,1,0,0,0,0,0,0,0,0
Mashup: Snapcious,0,0,0,0,0,0,0,0,0,0,0,0,1,0,0,0,0,0,0,0
Mashup: Tiki Pik Image link preview,1,0,0,0,0,0,0,0,0,0,0,0,0,0,0,1,0,0,1,0
Mashup: Wallpoper - Free Wallpapers,0,0,0,0,0,0,1,0,0,1,0,0,0,1,1,0,0,0,0,0
Mashup: Twitatoo,0,0,1,0,0,0,0,0,0,0,0,0,0,0,0,0,0,0,0,0
Mashup: imagegallery,0,1,0,0,0,0,0,0,1,0,1,0,0,1,0,1,0,0,0,1
Mashup: liteFlick.com,0,0,0,0,0,1,0,0,0,0,0,0,0,0,0,0,0,0,0,0
Mashup: Microstock Photo Plugin for Wordpress,0,0,0,0,0,0,0,0,0,0,0,0,0,0,0,0,1,0,0,0
Mashup: Websta,0,0,0,0,1,0,0,0,0,0,0,0,0,0,0,0,0,0,0,0
Mashup: Gengo YouTube Translation,0,0,0,1,0,0,0,0,0,0,0,0,0,0,0,0,0,1,0,0
