,/api/eea-discomap,/api/google-chart,/api/openlayers,/api/google-base,/api/google-maps,/api/google-earth,/api/fedex,/api/wiserearth,/api/brighter-planet-cm1,/api/bing-maps
Mashup: Updated California Solar,0,0,0,0,1,0,0,0,0,0
Mashup: Social Actions,0,0,0,0,0,0,0,1,0,0
Mashup: North American Environmental Atlas,0,0,1,0,0,1,0,0,0,0
Mashup: Drive Score,0,0,0,1,1,0,0,0,0,0
Mashup: California Solar,0,0,0,0,1,0,0,0,0,0
Mashup: Yaktrak,0,0,0,0,0,0,1,0,1,0
Mashup: iEnviroWatch,1,0,0,0,0,0,0,0,0,0
Mashup: ParkInfo - Find Public Parks in California,0,0,0,0,1,1,0,0,0,1
Mashup: San Diego Solar Map,0,0,0,0,1,0,0,0,0,0
Mashup: Energy Usage Analytics,0,1,0,0,0,0,0,0,0,0
