,/api/google-pagespeed-insights,/api/google-cloud-sql,/api/twitter,/api/youtube,/api/delicious-0,/api/dropbox,/api/earth911-search,/api/twilio-sms,/api/instagram-graph,/api/soundcloud,/api/lastfm,/api/flickr,/api/page2images,/api/tumblr,/api/thomson-reuters-open-calais,/api/digitalocean,/api/nationbuilder,/api/amazon-s3,/api/softlayer,/api/untappd,/api/google-analytics-managment,/api/nephoscale,/api/openstack,/api/gravatar,/api/mistio,/api/twilio,/api/rackspace-cloud-servers,/api/google-maps,/api/github,/api/linode,/api/foursquare,/api/google-cloud-dns
Mashup: Twitter Top Trend Heat Map,0,0,1,0,0,0,0,0,0,0,0,0,0,0,0,0,0,0,0,0,0,0,0,0,0,0,0,0,0,0,0,0
Mashup: Website Screenshot Generator,0,0,0,0,0,0,0,0,0,0,0,0,1,0,0,0,0,0,0,0,0,0,0,0,0,0,0,0,0,0,0,0
Mashup: Siteimprove,0,0,0,0,0,0,0,0,0,0,0,0,0,0,0,0,1,0,0,0,0,0,0,0,0,0,0,0,0,0,0,0
Mashup: Twopular Trend Tags Heat Map,0,0,1,0,0,0,0,0,0,0,0,0,0,0,1,0,0,0,0,0,0,0,0,0,0,0,0,0,0,0,0,0
Mashup: boxConnect,0,0,0,1,0,1,0,0,0,0,0,0,0,0,0,0,0,0,0,0,0,0,0,0,0,0,0,0,0,0,0,0
Mashup: TemplateTuning,0,0,0,0,0,0,0,1,0,0,0,0,0,0,0,0,0,0,0,0,0,0,0,0,0,1,0,0,0,0,0,0
Mashup: Mist.io,0,1,0,0,0,0,0,0,0,0,0,0,0,0,0,1,0,1,1,0,0,1,1,0,1,0,1,0,0,1,0,1
Mashup: Little Corner,0,0,1,0,1,0,0,0,1,1,1,1,0,1,0,0,0,0,0,1,1,0,0,1,0,0,0,0,1,0,1,0
Mashup: Website-Grader.com,1,0,0,0,0,0,0,0,0,0,0,0,0,0,0,0,0,0,0,0,0,0,0,0,0,0,0,0,0,0,0,0
Mashup: Earth911 Real Time Recycling Searches,0,0,0,0,0,0,1,0,0,0,0,0,0,0,0,0,0,0,0,0,0,0,0,0,0,0,0,1,0,0,0,0
Mashup: clgraphs - craigslist graphs,0,0,0,0,0,0,0,0,0,0,0,0,0,0,0,0,0,0,0,0,0,0,0,0,0,0,0,1,0,0,0,0
